{"loss": [3.401573896408081], "accuracy": [0.13201530277729034]}