{"loss": [3.395862579345703], "accuracy": [0.12882652878761292]}